id	rate
1001	15.722625684765854
1003	15.722625684765854
1005	15.722625684765854
1007	15.722625684765854
1009	15.722625684765854
1011	15.722625684765854
1013	15.722625684765854
1015	15.722625684765854
1017	15.722625684765854
1019	15.722625684765854
1021	15.722625684765854
1023	15.722625684765854
1025	15.722625684765854
1027	15.722625684765854
1029	15.722625684765854
1031	15.722625684765854
1033	15.722625684765854
1035	15.722625684765854
1037	15.722625684765854
1039	15.722625684765854
1041	15.722625684765854
1043	15.722625684765854
1045	15.722625684765854
1047	15.722625684765854
1049	15.722625684765854
1051	15.722625684765854
1053	15.722625684765854
1055	15.722625684765854
1057	15.722625684765854
1059	15.722625684765854
1061	15.722625684765854
1063	15.722625684765854
1065	15.722625684765854
1067	15.722625684765854
1069	15.722625684765854
1071	15.722625684765854
1073	15.722625684765854
1075	15.722625684765854
1077	15.722625684765854
1079	15.722625684765854
1081	15.722625684765854
1083	15.722625684765854
1085	15.722625684765854
1087	15.722625684765854
1089	15.722625684765854
1091	15.722625684765854
1093	15.722625684765854
1095	15.722625684765854
1097	15.722625684765854
1099	15.722625684765854
1101	15.722625684765854
1103	15.722625684765854
1105	15.722625684765854
1107	15.722625684765854
1109	15.722625684765854
1111	15.722625684765854
1113	15.722625684765854
1115	15.722625684765854
1117	15.722625684765854
1119	15.722625684765854
1121	15.722625684765854
1123	15.722625684765854
1125	15.722625684765854
1127	15.722625684765854
1129	15.722625684765854
1131	15.722625684765854
1133	15.722625684765854
2013	31.440475000387195
2016	31.440475000387195
2020	31.440475000387195
2050	31.440475000387195
2060	31.440475000387195
2068	31.440475000387195
2070	31.440475000387195
2090	31.440475000387195
2100	31.440475000387195
2105	31.440475000387195
2110	31.440475000387195
2122	31.440475000387195
2130	31.440475000387195
2150	31.440475000387195
2164	31.440475000387195
2170	31.440475000387195
2180	31.440475000387195
2185	31.440475000387195
2188	31.440475000387195
2195	31.440475000387195
2198	31.440475000387195
2220	31.440475000387195
2230	31.440475000387195
2240	31.440475000387195
2261	31.440475000387195
2270	31.440475000387195
2275	31.440475000387195
2282	31.440475000387195
2290	31.440475000387195
4001	4.8232036929814175
4003	4.8232036929814175
4005	4.8232036929814175
4007	4.8232036929814175
4009	4.8232036929814175
4011	4.8232036929814175
4012	4.8232036929814175
4013	4.8232036929814175
4015	4.8232036929814175
4017	4.8232036929814175
4019	4.8232036929814175
4021	4.8232036929814175
4023	4.8232036929814175
4025	4.8232036929814175
4027	4.8232036929814175
5001	30.460390175581068
5003	30.460390175581068
5005	30.460390175581068
5007	30.460390175581068
5009	30.460390175581068
5011	30.460390175581068
5013	30.460390175581068
5015	30.460390175581068
5017	30.460390175581068
5019	30.460390175581068
5021	30.460390175581068
5023	30.460390175581068
5025	30.460390175581068
5027	30.460390175581068
5029	30.460390175581068
5031	30.460390175581068
5033	30.460390175581068
5035	30.460390175581068
5037	30.460390175581068
5039	30.460390175581068
5041	30.460390175581068
5043	30.460390175581068
5045	30.460390175581068
5047	30.460390175581068
5049	30.460390175581068
5051	30.460390175581068
5053	30.460390175581068
5055	30.460390175581068
5057	30.460390175581068
5059	30.460390175581068
5061	30.460390175581068
5063	30.460390175581068
5065	30.460390175581068
5067	30.460390175581068
5069	30.460390175581068
5071	30.460390175581068
5073	30.460390175581068
5075	30.460390175581068
5077	30.460390175581068
5079	30.460390175581068
5081	30.460390175581068
5083	30.460390175581068
5085	30.460390175581068
5087	30.460390175581068
5089	30.460390175581068
5091	30.460390175581068
5093	30.460390175581068
5095	30.460390175581068
5097	30.460390175581068
5099	30.460390175581068
5101	30.460390175581068
5103	30.460390175581068
5105	30.460390175581068
5107	30.460390175581068
5109	30.460390175581068
5111	30.460390175581068
5113	30.460390175581068
5115	30.460390175581068
5117	30.460390175581068
5119	30.460390175581068
5121	30.460390175581068
5123	30.460390175581068
5125	30.460390175581068
5127	30.460390175581068
5129	30.460390175581068
5131	30.460390175581068
5133	30.460390175581068
5135	30.460390175581068
5137	30.460390175581068
5139	30.460390175581068
5141	30.460390175581068
5143	30.460390175581068
5145	30.460390175581068
5147	30.460390175581068
5149	30.460390175581068
6001	0.7644825693142494
6003	0.7644825693142494
6005	0.7644825693142494
6007	0.7644825693142494
6009	0.7644825693142494
6011	0.7644825693142494
6013	0.7644825693142494
6015	0.7644825693142494
6017	0.7644825693142494
6019	0.7644825693142494
6021	0.7644825693142494
6023	0.7644825693142494
6025	0.7644825693142494
6027	0.7644825693142494
6029	0.7644825693142494
6031	0.7644825693142494
6033	0.7644825693142494
6035	0.7644825693142494
6037	0.7644825693142494
6039	0.7644825693142494
6041	0.7644825693142494
6043	0.7644825693142494
6045	0.7644825693142494
6047	0.7644825693142494
6049	0.7644825693142494
6051	0.7644825693142494
6053	0.7644825693142494
6055	0.7644825693142494
6057	0.7644825693142494
6059	0.7644825693142494
6061	0.7644825693142494
6063	0.7644825693142494
6065	0.7644825693142494
6067	0.7644825693142494
6069	0.7644825693142494
6071	0.7644825693142494
6073	0.7644825693142494
6075	0.7644825693142494
6077	0.7644825693142494
6079	0.7644825693142494
6081	0.7644825693142494
6083	0.7644825693142494
6085	0.7644825693142494
6087	0.7644825693142494
6089	0.7644825693142494
6091	0.7644825693142494
6093	0.7644825693142494
6095	0.7644825693142494
6097	0.7644825693142494
6099	0.7644825693142494
6101	0.7644825693142494
6103	0.7644825693142494
6105	0.7644825693142494
6107	0.7644825693142494
6109	0.7644825693142494
6111	0.7644825693142494
6113	0.7644825693142494
6115	0.7644825693142494
8001	9.40707023548098
8003	9.40707023548098
8005	9.40707023548098
8007	9.40707023548098
8009	9.40707023548098
8011	9.40707023548098
8013	9.40707023548098
8014	9.40707023548098
8015	9.40707023548098
8017	9.40707023548098
8019	9.40707023548098
8021	9.40707023548098
8023	9.40707023548098
8025	9.40707023548098
8027	9.40707023548098
8029	9.40707023548098
8031	9.40707023548098
8033	9.40707023548098
8035	9.40707023548098
8037	9.40707023548098
8039	9.40707023548098
8041	9.40707023548098
8043	9.40707023548098
8045	9.40707023548098
8047	9.40707023548098
8049	9.40707023548098
8051	9.40707023548098
8053	9.40707023548098
8055	9.40707023548098
8057	9.40707023548098
8059	9.40707023548098
8061	9.40707023548098
8063	9.40707023548098
8065	9.40707023548098
8067	9.40707023548098
8069	9.40707023548098
8071	9.40707023548098
8073	9.40707023548098
8075	9.40707023548098
8077	9.40707023548098
8079	9.40707023548098
8081	9.40707023548098
8083	9.40707023548098
8085	9.40707023548098
8087	9.40707023548098
8089	9.40707023548098
8091	9.40707023548098
8093	9.40707023548098
8095	9.40707023548098
8097	9.40707023548098
8099	9.40707023548098
8101	9.40707023548098
8103	9.40707023548098
8105	9.40707023548098
8107	9.40707023548098
8109	9.40707023548098
8111	9.40707023548098
8113	9.40707023548098
8115	9.40707023548098
8117	9.40707023548098
8119	9.40707023548098
8121	9.40707023548098
8123	9.40707023548098
8125	9.40707023548098
9001	3.645676096647629
9003	3.645676096647629
9005	3.645676096647629
9007	3.645676096647629
9009	3.645676096647629
9011	3.645676096647629
9013	3.645676096647629
9015	3.645676096647629
10001	35.30326282332555
10003	35.30326282332555
10005	35.30326282332555
11001	84.87293987432756
12001	2.1259156941723742
12003	2.1259156941723742
12005	2.1259156941723742
12007	2.1259156941723742
12009	2.1259156941723742
12011	2.1259156941723742
12013	2.1259156941723742
12015	2.1259156941723742
12017	2.1259156941723742
12019	2.1259156941723742
12021	2.1259156941723742
12023	2.1259156941723742
12027	2.1259156941723742
12029	2.1259156941723742
12031	2.1259156941723742
12033	2.1259156941723742
12035	2.1259156941723742
12037	2.1259156941723742
12039	2.1259156941723742
12041	2.1259156941723742
12043	2.1259156941723742
12045	2.1259156941723742
12047	2.1259156941723742
12049	2.1259156941723742
12051	2.1259156941723742
12053	2.1259156941723742
12055	2.1259156941723742
12057	2.1259156941723742
12059	2.1259156941723742
12061	2.1259156941723742
12063	2.1259156941723742
12065	2.1259156941723742
12067	2.1259156941723742
12069	2.1259156941723742
12071	2.1259156941723742
12073	2.1259156941723742
12075	2.1259156941723742
12077	2.1259156941723742
12079	2.1259156941723742
12081	2.1259156941723742
12083	2.1259156941723742
12085	2.1259156941723742
12086	2.1259156941723742
12087	2.1259156941723742
12089	2.1259156941723742
12091	2.1259156941723742
12093	2.1259156941723742
12095	2.1259156941723742
12097	2.1259156941723742
12099	2.1259156941723742
12101	2.1259156941723742
12103	2.1259156941723742
12105	2.1259156941723742
12107	2.1259156941723742
12109	2.1259156941723742
12111	2.1259156941723742
12113	2.1259156941723742
12115	2.1259156941723742
12117	2.1259156941723742
12119	2.1259156941723742
12121	2.1259156941723742
12123	2.1259156941723742
12125	2.1259156941723742
12127	2.1259156941723742
12129	2.1259156941723742
12131	2.1259156941723742
12133	2.1259156941723742
13001	7.108016771451249
13003	7.108016771451249
13005	7.108016771451249
13007	7.108016771451249
13009	7.108016771451249
13011	7.108016771451249
13013	7.108016771451249
13015	7.108016771451249
13017	7.108016771451249
13019	7.108016771451249
13021	7.108016771451249
13023	7.108016771451249
13025	7.108016771451249
13027	7.108016771451249
13029	7.108016771451249
13031	7.108016771451249
13033	7.108016771451249
13035	7.108016771451249
13037	7.108016771451249
13039	7.108016771451249
13043	7.108016771451249
13045	7.108016771451249
13047	7.108016771451249
13049	7.108016771451249
13051	7.108016771451249
13053	7.108016771451249
13055	7.108016771451249
13057	7.108016771451249
13059	7.108016771451249
13061	7.108016771451249
13063	7.108016771451249
13065	7.108016771451249
13067	7.108016771451249
13069	7.108016771451249
13071	7.108016771451249
13073	7.108016771451249
13075	7.108016771451249
13077	7.108016771451249
13079	7.108016771451249
13081	7.108016771451249
13083	7.108016771451249
13085	7.108016771451249
13087	7.108016771451249
13089	7.108016771451249
13091	7.108016771451249
13093	7.108016771451249
13095	7.108016771451249
13097	7.108016771451249
13099	7.108016771451249
13101	7.108016771451249
13103	7.108016771451249
13105	7.108016771451249
13107	7.108016771451249
13109	7.108016771451249
13111	7.108016771451249
13113	7.108016771451249
13115	7.108016771451249
13117	7.108016771451249
13119	7.108016771451249
13121	7.108016771451249
13123	7.108016771451249
13125	7.108016771451249
13127	7.108016771451249
13129	7.108016771451249
13131	7.108016771451249
13133	7.108016771451249
13135	7.108016771451249
13137	7.108016771451249
13139	7.108016771451249
13141	7.108016771451249
13143	7.108016771451249
13145	7.108016771451249
13147	7.108016771451249
13149	7.108016771451249
13151	7.108016771451249
13153	7.108016771451249
13155	7.108016771451249
13157	7.108016771451249
13159	7.108016771451249
13161	7.108016771451249
13163	7.108016771451249
13165	7.108016771451249
13167	7.108016771451249
13169	7.108016771451249
13171	7.108016771451249
13173	7.108016771451249
13175	7.108016771451249
13177	7.108016771451249
13179	7.108016771451249
13181	7.108016771451249
13183	7.108016771451249
13185	7.108016771451249
13187	7.108016771451249
13189	7.108016771451249
13191	7.108016771451249
13193	7.108016771451249
13195	7.108016771451249
13197	7.108016771451249
13199	7.108016771451249
13201	7.108016771451249
13205	7.108016771451249
13207	7.108016771451249
13209	7.108016771451249
13211	7.108016771451249
13213	7.108016771451249
13215	7.108016771451249
13217	7.108016771451249
13219	7.108016771451249
13221	7.108016771451249
13223	7.108016771451249
13225	7.108016771451249
13227	7.108016771451249
13229	7.108016771451249
13231	7.108016771451249
13233	7.108016771451249
13235	7.108016771451249
13237	7.108016771451249
13239	7.108016771451249
13241	7.108016771451249
13243	7.108016771451249
13245	7.108016771451249
13247	7.108016771451249
13249	7.108016771451249
13251	7.108016771451249
13253	7.108016771451249
13255	7.108016771451249
13257	7.108016771451249
13259	7.108016771451249
13261	7.108016771451249
13263	7.108016771451249
13265	7.108016771451249
13267	7.108016771451249
13269	7.108016771451249
13271	7.108016771451249
13273	7.108016771451249
13275	7.108016771451249
13277	7.108016771451249
13279	7.108016771451249
13281	7.108016771451249
13283	7.108016771451249
13285	7.108016771451249
13287	7.108016771451249
13289	7.108016771451249
13291	7.108016771451249
13293	7.108016771451249
13295	7.108016771451249
13297	7.108016771451249
13299	7.108016771451249
13301	7.108016771451249
13303	7.108016771451249
13305	7.108016771451249
13307	7.108016771451249
13309	7.108016771451249
13311	7.108016771451249
13313	7.108016771451249
13315	7.108016771451249
13317	7.108016771451249
13319	7.108016771451249
13321	7.108016771451249
15001	20.098492907084538
15003	20.098492907084538
15005	20.098492907084538
15007	20.098492907084538
15009	20.098492907084538
16001	21.108943583174597
16003	21.108943583174597
16005	21.108943583174597
16007	21.108943583174597
16009	21.108943583174597
16011	21.108943583174597
16013	21.108943583174597
16015	21.108943583174597
16017	21.108943583174597
16019	21.108943583174597
16021	21.108943583174597
16023	21.108943583174597
16025	21.108943583174597
16027	21.108943583174597
16029	21.108943583174597
16031	21.108943583174597
16033	21.108943583174597
16035	21.108943583174597
16037	21.108943583174597
16039	21.108943583174597
16041	21.108943583174597
16043	21.108943583174597
16045	21.108943583174597
16047	21.108943583174597
16049	21.108943583174597
16051	21.108943583174597
16053	21.108943583174597
16055	21.108943583174597
16057	21.108943583174597
16059	21.108943583174597
16061	21.108943583174597
16063	21.108943583174597
16065	21.108943583174597
16067	21.108943583174597
16069	21.108943583174597
16071	21.108943583174597
16073	21.108943583174597
16075	21.108943583174597
16077	21.108943583174597
16079	21.108943583174597
16081	21.108943583174597
16083	21.108943583174597
16085	21.108943583174597
16087	21.108943583174597
17001	5.1127645154190375
17003	5.1127645154190375
17005	5.1127645154190375
17007	5.1127645154190375
17009	5.1127645154190375
17011	5.1127645154190375
17013	5.1127645154190375
17015	5.1127645154190375
17017	5.1127645154190375
17019	5.1127645154190375
17021	5.1127645154190375
17023	5.1127645154190375
17025	5.1127645154190375
17027	5.1127645154190375
17029	5.1127645154190375
17031	5.1127645154190375
17033	5.1127645154190375
17035	5.1127645154190375
17037	5.1127645154190375
17039	5.1127645154190375
17041	5.1127645154190375
17043	5.1127645154190375
17045	5.1127645154190375
17047	5.1127645154190375
17049	5.1127645154190375
17051	5.1127645154190375
17053	5.1127645154190375
17055	5.1127645154190375
17057	5.1127645154190375
17059	5.1127645154190375
17061	5.1127645154190375
17063	5.1127645154190375
17065	5.1127645154190375
17067	5.1127645154190375
17069	5.1127645154190375
17071	5.1127645154190375
17073	5.1127645154190375
17075	5.1127645154190375
17077	5.1127645154190375
17079	5.1127645154190375
17081	5.1127645154190375
17083	5.1127645154190375
17085	5.1127645154190375
17087	5.1127645154190375
17089	5.1127645154190375
17091	5.1127645154190375
17093	5.1127645154190375
17095	5.1127645154190375
17097	5.1127645154190375
17099	5.1127645154190375
17101	5.1127645154190375
17103	5.1127645154190375
17105	5.1127645154190375
17107	5.1127645154190375
17109	5.1127645154190375
17111	5.1127645154190375
17113	5.1127645154190375
17115	5.1127645154190375
17117	5.1127645154190375
17119	5.1127645154190375
17121	5.1127645154190375
17123	5.1127645154190375
17125	5.1127645154190375
17127	5.1127645154190375
17129	5.1127645154190375
17131	5.1127645154190375
17133	5.1127645154190375
17135	5.1127645154190375
17137	5.1127645154190375
17139	5.1127645154190375
17141	5.1127645154190375
17143	5.1127645154190375
17145	5.1127645154190375
17147	5.1127645154190375
17149	5.1127645154190375
17151	5.1127645154190375
17153	5.1127645154190375
17155	5.1127645154190375
17157	5.1127645154190375
17159	5.1127645154190375
17161	5.1127645154190375
17163	5.1127645154190375
17165	5.1127645154190375
17167	5.1127645154190375
17169	5.1127645154190375
17171	5.1127645154190375
17173	5.1127645154190375
17175	5.1127645154190375
17177	5.1127645154190375
17179	5.1127645154190375
17181	5.1127645154190375
17183	5.1127645154190375
17185	5.1127645154190375
17187	5.1127645154190375
17189	5.1127645154190375
17191	5.1127645154190375
17193	5.1127645154190375
17195	5.1127645154190375
17197	5.1127645154190375
17199	5.1127645154190375
17201	5.1127645154190375
17203	5.1127645154190375
18001	10.763746332784374
18003	10.763746332784374
18005	10.763746332784374
18007	10.763746332784374
18009	10.763746332784374
18011	10.763746332784374
18013	10.763746332784374
18015	10.763746332784374
18017	10.763746332784374
18019	10.763746332784374
18021	10.763746332784374
18023	10.763746332784374
18025	10.763746332784374
18027	10.763746332784374
18029	10.763746332784374
18031	10.763746332784374
18033	10.763746332784374
18035	10.763746332784374
18037	10.763746332784374
18039	10.763746332784374
18041	10.763746332784374
18043	10.763746332784374
18045	10.763746332784374
18047	10.763746332784374
18049	10.763746332784374
18051	10.763746332784374
18053	10.763746332784374
18055	10.763746332784374
18057	10.763746332784374
18059	10.763746332784374
18061	10.763746332784374
18063	10.763746332784374
18065	10.763746332784374
18067	10.763746332784374
18069	10.763746332784374
18071	10.763746332784374
18073	10.763746332784374
18075	10.763746332784374
18077	10.763746332784374
18079	10.763746332784374
18081	10.763746332784374
18083	10.763746332784374
18085	10.763746332784374
18087	10.763746332784374
18089	10.763746332784374
18091	10.763746332784374
18093	10.763746332784374
18095	10.763746332784374
18097	10.763746332784374
18099	10.763746332784374
18101	10.763746332784374
18103	10.763746332784374
18105	10.763746332784374
18107	10.763746332784374
18109	10.763746332784374
18111	10.763746332784374
18113	10.763746332784374
18115	10.763746332784374
18117	10.763746332784374
18119	10.763746332784374
18121	10.763746332784374
18123	10.763746332784374
18125	10.763746332784374
18127	10.763746332784374
18129	10.763746332784374
18131	10.763746332784374
18133	10.763746332784374
18135	10.763746332784374
18137	10.763746332784374
18139	10.763746332784374
18141	10.763746332784374
18143	10.763746332784374
18145	10.763746332784374
18147	10.763746332784374
18149	10.763746332784374
18151	10.763746332784374
18153	10.763746332784374
18155	10.763746332784374
18157	10.763746332784374
18159	10.763746332784374
18161	10.763746332784374
18163	10.763746332784374
18165	10.763746332784374
18167	10.763746332784374
18169	10.763746332784374
18171	10.763746332784374
18173	10.763746332784374
18175	10.763746332784374
18177	10.763746332784374
18179	10.763746332784374
18181	10.763746332784374
18183	10.763746332784374
19001	20.32921310878082
19003	20.32921310878082
19005	20.32921310878082
19007	20.32921310878082
19009	20.32921310878082
19011	20.32921310878082
19013	20.32921310878082
19015	20.32921310878082
19017	20.32921310878082
19019	20.32921310878082
19021	20.32921310878082
19023	20.32921310878082
19025	20.32921310878082
19027	20.32921310878082
19029	20.32921310878082
19031	20.32921310878082
19033	20.32921310878082
19035	20.32921310878082
19037	20.32921310878082
19039	20.32921310878082
19041	20.32921310878082
19043	20.32921310878082
19045	20.32921310878082
19047	20.32921310878082
19049	20.32921310878082
19051	20.32921310878082
19053	20.32921310878082
19055	20.32921310878082
19057	20.32921310878082
19059	20.32921310878082
19061	20.32921310878082
19063	20.32921310878082
19065	20.32921310878082
19067	20.32921310878082
19069	20.32921310878082
19071	20.32921310878082
19073	20.32921310878082
19075	20.32921310878082
19077	20.32921310878082
19079	20.32921310878082
19081	20.32921310878082
19083	20.32921310878082
19085	20.32921310878082
19087	20.32921310878082
19089	20.32921310878082
19091	20.32921310878082
19093	20.32921310878082
19095	20.32921310878082
19097	20.32921310878082
19099	20.32921310878082
19101	20.32921310878082
19103	20.32921310878082
19105	20.32921310878082
19107	20.32921310878082
19109	20.32921310878082
19111	20.32921310878082
19113	20.32921310878082
19115	20.32921310878082
19117	20.32921310878082
19119	20.32921310878082
19121	20.32921310878082
19123	20.32921310878082
19125	20.32921310878082
19127	20.32921310878082
19129	20.32921310878082
19131	20.32921310878082
19133	20.32921310878082
19135	20.32921310878082
19137	20.32921310878082
19139	20.32921310878082
19141	20.32921310878082
19143	20.32921310878082
19145	20.32921310878082
19147	20.32921310878082
19149	20.32921310878082
19151	20.32921310878082
19153	20.32921310878082
19155	20.32921310878082
19157	20.32921310878082
19159	20.32921310878082
19161	20.32921310878082
19163	20.32921310878082
19165	20.32921310878082
19167	20.32921310878082
19169	20.32921310878082
19171	20.32921310878082
19173	20.32921310878082
19175	20.32921310878082
19177	20.32921310878082
19179	20.32921310878082
19181	20.32921310878082
19183	20.32921310878082
19185	20.32921310878082
19187	20.32921310878082
19189	20.32921310878082
19191	20.32921310878082
19193	20.32921310878082
19195	20.32921310878082
19197	20.32921310878082
20001	14.76980622603061
20003	14.76980622603061
20005	14.76980622603061
20007	14.76980622603061
20009	14.76980622603061
20011	14.76980622603061
20013	14.76980622603061
20015	14.76980622603061
20017	14.76980622603061
20019	14.76980622603061
20021	14.76980622603061
20023	14.76980622603061
20025	14.76980622603061
20027	14.76980622603061
20029	14.76980622603061
20031	14.76980622603061
20033	14.76980622603061
20035	14.76980622603061
20037	14.76980622603061
20039	14.76980622603061
20041	14.76980622603061
20043	14.76980622603061
20045	14.76980622603061
20047	14.76980622603061
20049	14.76980622603061
20051	14.76980622603061
20053	14.76980622603061
20055	14.76980622603061
20057	14.76980622603061
20059	14.76980622603061
20061	14.76980622603061
20063	14.76980622603061
20065	14.76980622603061
20067	14.76980622603061
20069	14.76980622603061
20071	14.76980622603061
20073	14.76980622603061
20075	14.76980622603061
20077	14.76980622603061
20079	14.76980622603061
20081	14.76980622603061
20083	14.76980622603061
20085	14.76980622603061
20087	14.76980622603061
20089	14.76980622603061
20091	14.76980622603061
20093	14.76980622603061
20095	14.76980622603061
20097	14.76980622603061
20099	14.76980622603061
20101	14.76980622603061
20103	14.76980622603061
20105	14.76980622603061
20107	14.76980622603061
20109	14.76980622603061
20111	14.76980622603061
20113	14.76980622603061
20115	14.76980622603061
20117	14.76980622603061
20119	14.76980622603061
20121	14.76980622603061
20123	14.76980622603061
20125	14.76980622603061
20127	14.76980622603061
20129	14.76980622603061
20131	14.76980622603061
20133	14.76980622603061
20135	14.76980622603061
20137	14.76980622603061
20139	14.76980622603061
20141	14.76980622603061
20143	14.76980622603061
20145	14.76980622603061
20147	14.76980622603061
20149	14.76980622603061
20151	14.76980622603061
20153	14.76980622603061
20155	14.76980622603061
20157	14.76980622603061
20159	14.76980622603061
20161	14.76980622603061
20163	14.76980622603061
20165	14.76980622603061
20167	14.76980622603061
20169	14.76980622603061
20171	14.76980622603061
20173	14.76980622603061
20175	14.76980622603061
20177	14.76980622603061
20179	14.76980622603061
20181	14.76980622603061
20183	14.76980622603061
20185	14.76980622603061
20187	14.76980622603061
20189	14.76980622603061
20191	14.76980622603061
20193	14.76980622603061
20195	14.76980622603061
20197	14.76980622603061
20199	14.76980622603061
20201	14.76980622603061
20203	14.76980622603061
20205	14.76980622603061
20207	14.76980622603061
20209	14.76980622603061
21001	24.256994165278023
21003	24.256994165278023
21005	24.256994165278023
21007	24.256994165278023
21009	24.256994165278023
21011	24.256994165278023
21013	24.256994165278023
21015	24.256994165278023
21017	24.256994165278023
21019	24.256994165278023
21021	24.256994165278023
21023	24.256994165278023
21025	24.256994165278023
21027	24.256994165278023
21029	24.256994165278023
21031	24.256994165278023
21033	24.256994165278023
21035	24.256994165278023
21037	24.256994165278023
21039	24.256994165278023
21041	24.256994165278023
21043	24.256994165278023
21045	24.256994165278023
21047	24.256994165278023
21049	24.256994165278023
21051	24.256994165278023
21053	24.256994165278023
21055	24.256994165278023
21057	24.256994165278023
21059	24.256994165278023
21061	24.256994165278023
21063	24.256994165278023
21065	24.256994165278023
21067	24.256994165278023
21069	24.256994165278023
21071	24.256994165278023
21073	24.256994165278023
21075	24.256994165278023
21077	24.256994165278023
21079	24.256994165278023
21081	24.256994165278023
21083	24.256994165278023
21085	24.256994165278023
21087	24.256994165278023
21089	24.256994165278023
21091	24.256994165278023
21093	24.256994165278023
21095	24.256994165278023
21097	24.256994165278023
21099	24.256994165278023
21101	24.256994165278023
21103	24.256994165278023
21105	24.256994165278023
21107	24.256994165278023
21109	24.256994165278023
21111	24.256994165278023
21113	24.256994165278023
21115	24.256994165278023
21117	24.256994165278023
21119	24.256994165278023
21121	24.256994165278023
21123	24.256994165278023
21125	24.256994165278023
21127	24.256994165278023
21129	24.256994165278023
21131	24.256994165278023
21133	24.256994165278023
21135	24.256994165278023
21137	24.256994165278023
21139	24.256994165278023
21141	24.256994165278023
21143	24.256994165278023
21145	24.256994165278023
21147	24.256994165278023
21149	24.256994165278023
21151	24.256994165278023
21153	24.256994165278023
21155	24.256994165278023
21157	24.256994165278023
21159	24.256994165278023
21161	24.256994165278023
21163	24.256994165278023
21165	24.256994165278023
21167	24.256994165278023
21169	24.256994165278023
21171	24.256994165278023
21173	24.256994165278023
21175	24.256994165278023
21177	24.256994165278023
21179	24.256994165278023
21181	24.256994165278023
21183	24.256994165278023
21185	24.256994165278023
21187	24.256994165278023
21189	24.256994165278023
21191	24.256994165278023
21193	24.256994165278023
21195	24.256994165278023
21197	24.256994165278023
21199	24.256994165278023
21201	24.256994165278023
21203	24.256994165278023
21205	24.256994165278023
21207	24.256994165278023
21209	24.256994165278023
21211	24.256994165278023
21213	24.256994165278023
21215	24.256994165278023
21217	24.256994165278023
21219	24.256994165278023
21221	24.256994165278023
21223	24.256994165278023
21225	24.256994165278023
21227	24.256994165278023
21229	24.256994165278023
21231	24.256994165278023
21233	24.256994165278023
21235	24.256994165278023
21237	24.256994165278023
21239	24.256994165278023
22001	18.37484327339561
22003	18.37484327339561
22005	18.37484327339561
22007	18.37484327339561
22009	18.37484327339561
22011	18.37484327339561
22013	18.37484327339561
22015	18.37484327339561
22017	18.37484327339561
22019	18.37484327339561
22021	18.37484327339561
22023	18.37484327339561
22025	18.37484327339561
22027	18.37484327339561
22029	18.37484327339561
22031	18.37484327339561
22033	18.37484327339561
22035	18.37484327339561
22037	18.37484327339561
22039	18.37484327339561
22041	18.37484327339561
22043	18.37484327339561
22045	18.37484327339561
22047	18.37484327339561
22049	18.37484327339561
22051	18.37484327339561
22053	18.37484327339561
22055	18.37484327339561
22057	18.37484327339561
22059	18.37484327339561
22061	18.37484327339561
22063	18.37484327339561
22065	18.37484327339561
22067	18.37484327339561
22069	18.37484327339561
22071	18.37484327339561
22073	18.37484327339561
22075	18.37484327339561
22077	18.37484327339561
22079	18.37484327339561
22081	18.37484327339561
22083	18.37484327339561
22085	18.37484327339561
22087	18.37484327339561
22089	18.37484327339561
22091	18.37484327339561
22093	18.37484327339561
22095	18.37484327339561
22097	18.37484327339561
22099	18.37484327339561
22101	18.37484327339561
22103	18.37484327339561
22105	18.37484327339561
22107	18.37484327339561
22109	18.37484327339561
22111	18.37484327339561
22113	18.37484327339561
22115	18.37484327339561
22117	18.37484327339561
22119	18.37484327339561
22121	18.37484327339561
22123	18.37484327339561
22125	18.37484327339561
22127	18.37484327339561
23001	7.972230440369749
23003	7.972230440369749
23005	7.972230440369749
23007	7.972230440369749
23009	7.972230440369749
23011	7.972230440369749
23013	7.972230440369749
23015	7.972230440369749
23017	7.972230440369749
23019	7.972230440369749
23021	7.972230440369749
23023	7.972230440369749
23025	7.972230440369749
23027	7.972230440369749
23029	7.972230440369749
23031	7.972230440369749
24001	8.557989951419854
24003	8.557989951419854
24005	8.557989951419854
24009	8.557989951419854
24011	8.557989951419854
24013	8.557989951419854
24015	8.557989951419854
24017	8.557989951419854
24019	8.557989951419854
24021	8.557989951419854
24023	8.557989951419854
24025	8.557989951419854
24027	8.557989951419854
24029	8.557989951419854
24031	8.557989951419854
24033	8.557989951419854
24035	8.557989951419854
24037	8.557989951419854
24039	8.557989951419854
24041	8.557989951419854
24043	8.557989951419854
24045	8.557989951419854
24047	8.557989951419854
24510	8.557989951419854
25001	1.8709062471315954
25003	1.8709062471315954
25005	1.8709062471315954
25007	1.8709062471315954
25009	1.8709062471315954
25011	1.8709062471315954
25013	1.8709062471315954
25015	1.8709062471315954
25017	1.8709062471315954
25019	1.8709062471315954
25021	1.8709062471315954
25023	1.8709062471315954
25025	1.8709062471315954
25027	1.8709062471315954
26001	6.2102626157974194
26003	6.2102626157974194
26005	6.2102626157974194
26007	6.2102626157974194
26009	6.2102626157974194
26011	6.2102626157974194
26013	6.2102626157974194
26015	6.2102626157974194
26017	6.2102626157974194
26019	6.2102626157974194
26021	6.2102626157974194
26023	6.2102626157974194
26025	6.2102626157974194
26027	6.2102626157974194
26029	6.2102626157974194
26031	6.2102626157974194
26033	6.2102626157974194
26035	6.2102626157974194
26037	6.2102626157974194
26039	6.2102626157974194
26041	6.2102626157974194
26043	6.2102626157974194
26045	6.2102626157974194
26047	6.2102626157974194
26049	6.2102626157974194
26051	6.2102626157974194
26053	6.2102626157974194
26055	6.2102626157974194
26057	6.2102626157974194
26059	6.2102626157974194
26061	6.2102626157974194
26063	6.2102626157974194
26065	6.2102626157974194
26067	6.2102626157974194
26069	6.2102626157974194
26071	6.2102626157974194
26073	6.2102626157974194
26075	6.2102626157974194
26077	6.2102626157974194
26079	6.2102626157974194
26081	6.2102626157974194
26083	6.2102626157974194
26085	6.2102626157974194
26087	6.2102626157974194
26089	6.2102626157974194
26091	6.2102626157974194
26093	6.2102626157974194
26095	6.2102626157974194
26097	6.2102626157974194
26099	6.2102626157974194
26101	6.2102626157974194
26103	6.2102626157974194
26105	6.2102626157974194
26107	6.2102626157974194
26109	6.2102626157974194
26111	6.2102626157974194
26113	6.2102626157974194
26115	6.2102626157974194
26117	6.2102626157974194
26119	6.2102626157974194
26121	6.2102626157974194
26123	6.2102626157974194
26125	6.2102626157974194
26127	6.2102626157974194
26129	6.2102626157974194
26131	6.2102626157974194
26133	6.2102626157974194
26135	6.2102626157974194
26137	6.2102626157974194
26139	6.2102626157974194
26141	6.2102626157974194
26143	6.2102626157974194
26145	6.2102626157974194
26147	6.2102626157974194
26149	6.2102626157974194
26151	6.2102626157974194
26153	6.2102626157974194
26155	6.2102626157974194
26157	6.2102626157974194
26159	6.2102626157974194
26161	6.2102626157974194
26163	6.2102626157974194
26165	6.2102626157974194
27001	13.92742167357193
27003	13.92742167357193
27005	13.92742167357193
27007	13.92742167357193
27009	13.92742167357193
27011	13.92742167357193
27013	13.92742167357193
27015	13.92742167357193
27017	13.92742167357193
27019	13.92742167357193
27021	13.92742167357193
27023	13.92742167357193
27025	13.92742167357193
27027	13.92742167357193
27029	13.92742167357193
27031	13.92742167357193
27033	13.92742167357193
27035	13.92742167357193
27037	13.92742167357193
27039	13.92742167357193
27041	13.92742167357193
27043	13.92742167357193
27045	13.92742167357193
27047	13.92742167357193
27049	13.92742167357193
27051	13.92742167357193
27053	13.92742167357193
27055	13.92742167357193
27057	13.92742167357193
27059	13.92742167357193
27061	13.92742167357193
27063	13.92742167357193
27065	13.92742167357193
27067	13.92742167357193
27069	13.92742167357193
27071	13.92742167357193
27073	13.92742167357193
27075	13.92742167357193
27077	13.92742167357193
27079	13.92742167357193
27081	13.92742167357193
27083	13.92742167357193
27085	13.92742167357193
27087	13.92742167357193
27089	13.92742167357193
27091	13.92742167357193
27093	13.92742167357193
27095	13.92742167357193
27097	13.92742167357193
27099	13.92742167357193
27101	13.92742167357193
27103	13.92742167357193
27105	13.92742167357193
27107	13.92742167357193
27109	13.92742167357193
27111	13.92742167357193
27113	13.92742167357193
27115	13.92742167357193
27117	13.92742167357193
27119	13.92742167357193
27121	13.92742167357193
27123	13.92742167357193
27125	13.92742167357193
27127	13.92742167357193
27129	13.92742167357193
27131	13.92742167357193
27133	13.92742167357193
27135	13.92742167357193
27137	13.92742167357193
27139	13.92742167357193
27141	13.92742167357193
27143	13.92742167357193
27145	13.92742167357193
27147	13.92742167357193
27149	13.92742167357193
27151	13.92742167357193
27153	13.92742167357193
27155	13.92742167357193
27157	13.92742167357193
27159	13.92742167357193
27161	13.92742167357193
27163	13.92742167357193
27165	13.92742167357193
27167	13.92742167357193
27169	13.92742167357193
27171	13.92742167357193
27173	13.92742167357193
28001	28.103017662202333
28003	28.103017662202333
28005	28.103017662202333
28007	28.103017662202333
28009	28.103017662202333
28011	28.103017662202333
28013	28.103017662202333
28015	28.103017662202333
28017	28.103017662202333
28019	28.103017662202333
28021	28.103017662202333
28023	28.103017662202333
28025	28.103017662202333
28027	28.103017662202333
28029	28.103017662202333
28031	28.103017662202333
28033	28.103017662202333
28035	28.103017662202333
28037	28.103017662202333
28039	28.103017662202333
28041	28.103017662202333
28043	28.103017662202333
28045	28.103017662202333
28047	28.103017662202333
28049	28.103017662202333
28051	28.103017662202333
28053	28.103017662202333
28055	28.103017662202333
28057	28.103017662202333
28059	28.103017662202333
28061	28.103017662202333
28063	28.103017662202333
28065	28.103017662202333
28067	28.103017662202333
28069	28.103017662202333
28071	28.103017662202333
28073	28.103017662202333
28075	28.103017662202333
28077	28.103017662202333
28079	28.103017662202333
28081	28.103017662202333
28083	28.103017662202333
28085	28.103017662202333
28087	28.103017662202333
28089	28.103017662202333
28091	28.103017662202333
28093	28.103017662202333
28095	28.103017662202333
28097	28.103017662202333
28099	28.103017662202333
28101	28.103017662202333
28103	28.103017662202333
28105	28.103017662202333
28107	28.103017662202333
28109	28.103017662202333
28111	28.103017662202333
28113	28.103017662202333
28115	28.103017662202333
28117	28.103017662202333
28119	28.103017662202333
28121	28.103017662202333
28123	28.103017662202333
28125	28.103017662202333
28127	28.103017662202333
28129	28.103017662202333
28131	28.103017662202333
28133	28.103017662202333
28135	28.103017662202333
28137	28.103017662202333
28139	28.103017662202333
28141	28.103017662202333
28143	28.103017662202333
28145	28.103017662202333
28147	28.103017662202333
28149	28.103017662202333
28151	28.103017662202333
28153	28.103017662202333
28155	28.103017662202333
28157	28.103017662202333
28159	28.103017662202333
28161	28.103017662202333
28163	28.103017662202333
29001	10.370805989119587
29003	10.370805989119587
29005	10.370805989119587
29007	10.370805989119587
29009	10.370805989119587
29011	10.370805989119587
29013	10.370805989119587
29015	10.370805989119587
29017	10.370805989119587
29019	10.370805989119587
29021	10.370805989119587
29023	10.370805989119587
29025	10.370805989119587
29027	10.370805989119587
29029	10.370805989119587
29031	10.370805989119587
29033	10.370805989119587
29035	10.370805989119587
29037	10.370805989119587
29039	10.370805989119587
29041	10.370805989119587
29043	10.370805989119587
29045	10.370805989119587
29047	10.370805989119587
29049	10.370805989119587
29051	10.370805989119587
29053	10.370805989119587
29055	10.370805989119587
29057	10.370805989119587
29059	10.370805989119587
29061	10.370805989119587
29063	10.370805989119587
29065	10.370805989119587
29067	10.370805989119587
29069	10.370805989119587
29071	10.370805989119587
29073	10.370805989119587
29075	10.370805989119587
29077	10.370805989119587
29079	10.370805989119587
29081	10.370805989119587
29083	10.370805989119587
29085	10.370805989119587
29087	10.370805989119587
29089	10.370805989119587
29091	10.370805989119587
29093	10.370805989119587
29095	10.370805989119587
29097	10.370805989119587
29099	10.370805989119587
29101	10.370805989119587
29103	10.370805989119587
29105	10.370805989119587
29107	10.370805989119587
29109	10.370805989119587
29111	10.370805989119587
29113	10.370805989119587
29115	10.370805989119587
29117	10.370805989119587
29119	10.370805989119587
29121	10.370805989119587
29123	10.370805989119587
29125	10.370805989119587
29127	10.370805989119587
29129	10.370805989119587
29131	10.370805989119587
29133	10.370805989119587
29135	10.370805989119587
29137	10.370805989119587
29139	10.370805989119587
29141	10.370805989119587
29143	10.370805989119587
29145	10.370805989119587
29147	10.370805989119587
29149	10.370805989119587
29151	10.370805989119587
29153	10.370805989119587
29155	10.370805989119587
29157	10.370805989119587
29159	10.370805989119587
29161	10.370805989119587
29163	10.370805989119587
29165	10.370805989119587
29167	10.370805989119587
29169	10.370805989119587
29171	10.370805989119587
29173	10.370805989119587
29175	10.370805989119587
29177	10.370805989119587
29179	10.370805989119587
29181	10.370805989119587
29183	10.370805989119587
29185	10.370805989119587
29186	10.370805989119587
29187	10.370805989119587
29189	10.370805989119587
29195	10.370805989119587
29197	10.370805989119587
29199	10.370805989119587
29201	10.370805989119587
29203	10.370805989119587
29205	10.370805989119587
29207	10.370805989119587
29209	10.370805989119587
29211	10.370805989119587
29213	10.370805989119587
29215	10.370805989119587
29217	10.370805989119587
29219	10.370805989119587
29221	10.370805989119587
29223	10.370805989119587
29225	10.370805989119587
29227	10.370805989119587
29229	10.370805989119587
29510	10.370805989119587
30001	23.77162262549082
30003	23.77162262549082
30005	23.77162262549082
30007	23.77162262549082
30009	23.77162262549082
30011	23.77162262549082
30013	23.77162262549082
30015	23.77162262549082
30017	23.77162262549082
30019	23.77162262549082
30021	23.77162262549082
30023	23.77162262549082
30025	23.77162262549082
30027	23.77162262549082
30029	23.77162262549082
30031	23.77162262549082
30033	23.77162262549082
30035	23.77162262549082
30037	23.77162262549082
30039	23.77162262549082
30041	23.77162262549082
30043	23.77162262549082
30045	23.77162262549082
30047	23.77162262549082
30049	23.77162262549082
30051	23.77162262549082
30053	23.77162262549082
30055	23.77162262549082
30057	23.77162262549082
30059	23.77162262549082
30061	23.77162262549082
30063	23.77162262549082
30065	23.77162262549082
30067	23.77162262549082
30069	23.77162262549082
30071	23.77162262549082
30073	23.77162262549082
30075	23.77162262549082
30077	23.77162262549082
30079	23.77162262549082
30081	23.77162262549082
30083	23.77162262549082
30085	23.77162262549082
30087	23.77162262549082
30089	23.77162262549082
30091	23.77162262549082
30093	23.77162262549082
30095	23.77162262549082
30097	23.77162262549082
30099	23.77162262549082
30101	23.77162262549082
30103	23.77162262549082
30105	23.77162262549082
30107	23.77162262549082
30109	23.77162262549082
30111	23.77162262549082
31001	18.676687431317593
31003	18.676687431317593
31005	18.676687431317593
31007	18.676687431317593
31009	18.676687431317593
31011	18.676687431317593
31013	18.676687431317593
31015	18.676687431317593
31017	18.676687431317593
31019	18.676687431317593
31021	18.676687431317593
31023	18.676687431317593
31025	18.676687431317593
31027	18.676687431317593
31029	18.676687431317593
31031	18.676687431317593
31033	18.676687431317593
31035	18.676687431317593
31037	18.676687431317593
31039	18.676687431317593
31041	18.676687431317593
31043	18.676687431317593
31045	18.676687431317593
31047	18.676687431317593
31049	18.676687431317593
31051	18.676687431317593
31053	18.676687431317593
31055	18.676687431317593
31057	18.676687431317593
31059	18.676687431317593
31061	18.676687431317593
31063	18.676687431317593
31065	18.676687431317593
31067	18.676687431317593
31069	18.676687431317593
31071	18.676687431317593
31073	18.676687431317593
31075	18.676687431317593
31077	18.676687431317593
31079	18.676687431317593
31081	18.676687431317593
31083	18.676687431317593
31085	18.676687431317593
31087	18.676687431317593
31089	18.676687431317593
31091	18.676687431317593
31093	18.676687431317593
31095	18.676687431317593
31097	18.676687431317593
31099	18.676687431317593
31101	18.676687431317593
31103	18.676687431317593
31105	18.676687431317593
31107	18.676687431317593
31109	18.676687431317593
31111	18.676687431317593
31113	18.676687431317593
31115	18.676687431317593
31117	18.676687431317593
31119	18.676687431317593
31121	18.676687431317593
31123	18.676687431317593
31125	18.676687431317593
31127	18.676687431317593
31129	18.676687431317593
31131	18.676687431317593
31133	18.676687431317593
31135	18.676687431317593
31137	18.676687431317593
31139	18.676687431317593
31141	18.676687431317593
31143	18.676687431317593
31145	18.676687431317593
31147	18.676687431317593
31149	18.676687431317593
31151	18.676687431317593
31153	18.676687431317593
31155	18.676687431317593
31157	18.676687431317593
31159	18.676687431317593
31161	18.676687431317593
31163	18.676687431317593
31165	18.676687431317593
31167	18.676687431317593
31169	18.676687431317593
31171	18.676687431317593
31173	18.676687431317593
31175	18.676687431317593
31177	18.676687431317593
31179	18.676687431317593
31181	18.676687431317593
31183	18.676687431317593
31185	18.676687431317593
32001	14.908068760782522
32003	14.908068760782522
32005	14.908068760782522
32007	14.908068760782522
32009	14.908068760782522
32011	14.908068760782522
32013	14.908068760782522
32015	14.908068760782522
32017	14.908068760782522
32019	14.908068760782522
32021	14.908068760782522
32023	14.908068760782522
32027	14.908068760782522
32029	14.908068760782522
32031	14.908068760782522
32033	14.908068760782522
32510	14.908068760782522
33001	8.24933344474238
33003	8.24933344474238
33005	8.24933344474238
33007	8.24933344474238
33009	8.24933344474238
33011	8.24933344474238
33013	8.24933344474238
33015	8.24933344474238
33017	8.24933344474238
33019	8.24933344474238
34001	2.9424831555066517
34003	2.9424831555066517
34005	2.9424831555066517
34007	2.9424831555066517
34009	2.9424831555066517
34011	2.9424831555066517
34013	2.9424831555066517
34015	2.9424831555066517
34017	2.9424831555066517
34019	2.9424831555066517
34021	2.9424831555066517
34023	2.9424831555066517
34025	2.9424831555066517
34027	2.9424831555066517
34029	2.9424831555066517
34031	2.9424831555066517
34033	2.9424831555066517
34035	2.9424831555066517
34037	2.9424831555066517
34039	2.9424831555066517
34041	2.9424831555066517
35001	27.855761932304087
35003	27.855761932304087
35005	27.855761932304087
35006	27.855761932304087
35007	27.855761932304087
35009	27.855761932304087
35011	27.855761932304087
35013	27.855761932304087
35015	27.855761932304087
35017	27.855761932304087
35019	27.855761932304087
35021	27.855761932304087
35023	27.855761932304087
35025	27.855761932304087
35027	27.855761932304087
35028	27.855761932304087
35029	27.855761932304087
35031	27.855761932304087
35033	27.855761932304087
35035	27.855761932304087
35037	27.855761932304087
35039	27.855761932304087
35041	27.855761932304087
35043	27.855761932304087
35045	27.855761932304087
35047	27.855761932304087
35049	27.855761932304087
35051	27.855761932304087
35053	27.855761932304087
35055	27.855761932304087
35057	27.855761932304087
35059	27.855761932304087
35061	27.855761932304087
36001	1.5244010997568285
36003	1.5244010997568285
36005	1.5244010997568285
36007	1.5244010997568285
36009	1.5244010997568285
36011	1.5244010997568285
36013	1.5244010997568285
36015	1.5244010997568285
36017	1.5244010997568285
36019	1.5244010997568285
36021	1.5244010997568285
36023	1.5244010997568285
36025	1.5244010997568285
36027	1.5244010997568285
36029	1.5244010997568285
36031	1.5244010997568285
36033	1.5244010997568285
36035	1.5244010997568285
36037	1.5244010997568285
36039	1.5244010997568285
36041	1.5244010997568285
36043	1.5244010997568285
36045	1.5244010997568285
36047	1.5244010997568285
36049	1.5244010997568285
36051	1.5244010997568285
36053	1.5244010997568285
36055	1.5244010997568285
36057	1.5244010997568285
36059	1.5244010997568285
36061	1.5244010997568285
36063	1.5244010997568285
36065	1.5244010997568285
36067	1.5244010997568285
36069	1.5244010997568285
36071	1.5244010997568285
36073	1.5244010997568285
36075	1.5244010997568285
36077	1.5244010997568285
36079	1.5244010997568285
36081	1.5244010997568285
36083	1.5244010997568285
36085	1.5244010997568285
36087	1.5244010997568285
36089	1.5244010997568285
36091	1.5244010997568285
36093	1.5244010997568285
36095	1.5244010997568285
36097	1.5244010997568285
36099	1.5244010997568285
36101	1.5244010997568285
36103	1.5244010997568285
36105	1.5244010997568285
36107	1.5244010997568285
36109	1.5244010997568285
36111	1.5244010997568285
36113	1.5244010997568285
36115	1.5244010997568285
36117	1.5244010997568285
36119	1.5244010997568285
36121	1.5244010997568285
36123	1.5244010997568285
37001	5.715494432741372
37003	5.715494432741372
37005	5.715494432741372
37007	5.715494432741372
37009	5.715494432741372
37011	5.715494432741372
37013	5.715494432741372
37015	5.715494432741372
37017	5.715494432741372
37019	5.715494432741372
37021	5.715494432741372
37023	5.715494432741372
37025	5.715494432741372
37027	5.715494432741372
37029	5.715494432741372
37031	5.715494432741372
37033	5.715494432741372
37035	5.715494432741372
37037	5.715494432741372
37039	5.715494432741372
37041	5.715494432741372
37043	5.715494432741372
37045	5.715494432741372
37047	5.715494432741372
37049	5.715494432741372
37051	5.715494432741372
37053	5.715494432741372
37055	5.715494432741372
37057	5.715494432741372
37059	5.715494432741372
37061	5.715494432741372
37063	5.715494432741372
37065	5.715494432741372
37067	5.715494432741372
37069	5.715494432741372
37071	5.715494432741372
37073	5.715494432741372
37075	5.715494432741372
37077	5.715494432741372
37079	5.715494432741372
37081	5.715494432741372
37083	5.715494432741372
37085	5.715494432741372
37087	5.715494432741372
37089	5.715494432741372
37091	5.715494432741372
37093	5.715494432741372
37095	5.715494432741372
37097	5.715494432741372
37099	5.715494432741372
37101	5.715494432741372
37103	5.715494432741372
37105	5.715494432741372
37107	5.715494432741372
37109	5.715494432741372
37111	5.715494432741372
37113	5.715494432741372
37115	5.715494432741372
37117	5.715494432741372
37119	5.715494432741372
37121	5.715494432741372
37123	5.715494432741372
37125	5.715494432741372
37127	5.715494432741372
37129	5.715494432741372
37131	5.715494432741372
37133	5.715494432741372
37135	5.715494432741372
37137	5.715494432741372
37139	5.715494432741372
37141	5.715494432741372
37143	5.715494432741372
37145	5.715494432741372
37147	5.715494432741372
37149	5.715494432741372
37151	5.715494432741372
37153	5.715494432741372
37155	5.715494432741372
37157	5.715494432741372
37159	5.715494432741372
37161	5.715494432741372
37163	5.715494432741372
37165	5.715494432741372
37167	5.715494432741372
37169	5.715494432741372
37171	5.715494432741372
37173	5.715494432741372
37175	5.715494432741372
37177	5.715494432741372
37179	5.715494432741372
37181	5.715494432741372
37183	5.715494432741372
37185	5.715494432741372
37187	5.715494432741372
37189	5.715494432741372
37191	5.715494432741372
37193	5.715494432741372
37195	5.715494432741372
37197	5.715494432741372
37199	5.715494432741372
38001	59.084941665886106
38003	59.084941665886106
38005	59.084941665886106
38007	59.084941665886106
38009	59.084941665886106
38011	59.084941665886106
38013	59.084941665886106
38015	59.084941665886106
38017	59.084941665886106
38019	59.084941665886106
38021	59.084941665886106
38023	59.084941665886106
38025	59.084941665886106
38027	59.084941665886106
38029	59.084941665886106
38031	59.084941665886106
38033	59.084941665886106
38035	59.084941665886106
38037	59.084941665886106
38039	59.084941665886106
38041	59.084941665886106
38043	59.084941665886106
38045	59.084941665886106
38047	59.084941665886106
38049	59.084941665886106
38051	59.084941665886106
38053	59.084941665886106
38055	59.084941665886106
38057	59.084941665886106
38059	59.084941665886106
38061	59.084941665886106
38063	59.084941665886106
38065	59.084941665886106
38067	59.084941665886106
38069	59.084941665886106
38071	59.084941665886106
38073	59.084941665886106
38075	59.084941665886106
38077	59.084941665886106
38079	59.084941665886106
38081	59.084941665886106
38083	59.084941665886106
38085	59.084941665886106
38087	59.084941665886106
38089	59.084941665886106
38091	59.084941665886106
38093	59.084941665886106
38095	59.084941665886106
38097	59.084941665886106
38099	59.084941665886106
38101	59.084941665886106
38103	59.084941665886106
38105	59.084941665886106
39001	5.3421729841206655
39003	5.3421729841206655
39005	5.3421729841206655
39007	5.3421729841206655
39009	5.3421729841206655
39011	5.3421729841206655
39013	5.3421729841206655
39015	5.3421729841206655
39017	5.3421729841206655
39019	5.3421729841206655
39021	5.3421729841206655
39023	5.3421729841206655
39025	5.3421729841206655
39027	5.3421729841206655
39029	5.3421729841206655
39031	5.3421729841206655
39033	5.3421729841206655
39035	5.3421729841206655
39037	5.3421729841206655
39039	5.3421729841206655
39041	5.3421729841206655
39043	5.3421729841206655
39045	5.3421729841206655
39047	5.3421729841206655
39049	5.3421729841206655
39051	5.3421729841206655
39053	5.3421729841206655
39055	5.3421729841206655
39057	5.3421729841206655
39059	5.3421729841206655
39061	5.3421729841206655
39063	5.3421729841206655
39065	5.3421729841206655
39067	5.3421729841206655
39069	5.3421729841206655
39071	5.3421729841206655
39073	5.3421729841206655
39075	5.3421729841206655
39077	5.3421729841206655
39079	5.3421729841206655
39081	5.3421729841206655
39083	5.3421729841206655
39085	5.3421729841206655
39087	5.3421729841206655
39089	5.3421729841206655
39091	5.3421729841206655
39093	5.3421729841206655
39095	5.3421729841206655
39097	5.3421729841206655
39099	5.3421729841206655
39101	5.3421729841206655
39103	5.3421729841206655
39105	5.3421729841206655
39107	5.3421729841206655
39109	5.3421729841206655
39111	5.3421729841206655
39113	5.3421729841206655
39115	5.3421729841206655
39117	5.3421729841206655
39119	5.3421729841206655
39121	5.3421729841206655
39123	5.3421729841206655
39125	5.3421729841206655
39127	5.3421729841206655
39129	5.3421729841206655
39131	5.3421729841206655
39133	5.3421729841206655
39135	5.3421729841206655
39137	5.3421729841206655
39139	5.3421729841206655
39141	5.3421729841206655
39143	5.3421729841206655
39145	5.3421729841206655
39147	5.3421729841206655
39149	5.3421729841206655
39151	5.3421729841206655
39153	5.3421729841206655
39155	5.3421729841206655
39157	5.3421729841206655
39159	5.3421729841206655
39161	5.3421729841206655
39163	5.3421729841206655
39165	5.3421729841206655
39167	5.3421729841206655
39169	5.3421729841206655
39171	5.3421729841206655
39173	5.3421729841206655
39175	5.3421729841206655
40001	25.40684676000726
40003	25.40684676000726
40005	25.40684676000726
40007	25.40684676000726
40009	25.40684676000726
40011	25.40684676000726
40013	25.40684676000726
40015	25.40684676000726
40017	25.40684676000726
40019	25.40684676000726
40021	25.40684676000726
40023	25.40684676000726
40025	25.40684676000726
40027	25.40684676000726
40029	25.40684676000726
40031	25.40684676000726
40033	25.40684676000726
40035	25.40684676000726
40037	25.40684676000726
40039	25.40684676000726
40041	25.40684676000726
40043	25.40684676000726
40045	25.40684676000726
40047	25.40684676000726
40049	25.40684676000726
40051	25.40684676000726
40053	25.40684676000726
40055	25.40684676000726
40057	25.40684676000726
40059	25.40684676000726
40061	25.40684676000726
40063	25.40684676000726
40065	25.40684676000726
40067	25.40684676000726
40069	25.40684676000726
40071	25.40684676000726
40073	25.40684676000726
40075	25.40684676000726
40077	25.40684676000726
40079	25.40684676000726
40081	25.40684676000726
40083	25.40684676000726
40085	25.40684676000726
40087	25.40684676000726
40089	25.40684676000726
40091	25.40684676000726
40093	25.40684676000726
40095	25.40684676000726
40097	25.40684676000726
40099	25.40684676000726
40101	25.40684676000726
40103	25.40684676000726
40105	25.40684676000726
40107	25.40684676000726
40109	25.40684676000726
40111	25.40684676000726
40113	25.40684676000726
40115	25.40684676000726
40117	25.40684676000726
40119	25.40684676000726
40121	25.40684676000726
40123	25.40684676000726
40125	25.40684676000726
40127	25.40684676000726
40129	25.40684676000726
40131	25.40684676000726
40133	25.40684676000726
40135	25.40684676000726
40137	25.40684676000726
40139	25.40684676000726
40141	25.40684676000726
40143	25.40684676000726
40145	25.40684676000726
40147	25.40684676000726
40149	25.40684676000726
40151	25.40684676000726
40153	25.40684676000726
41001	3.0409227281958007
41003	3.0409227281958007
41005	3.0409227281958007
41007	3.0409227281958007
41009	3.0409227281958007
41011	3.0409227281958007
41013	3.0409227281958007
41015	3.0409227281958007
41017	3.0409227281958007
41019	3.0409227281958007
41021	3.0409227281958007
41023	3.0409227281958007
41025	3.0409227281958007
41027	3.0409227281958007
41029	3.0409227281958007
41031	3.0409227281958007
41033	3.0409227281958007
41035	3.0409227281958007
41037	3.0409227281958007
41039	3.0409227281958007
41041	3.0409227281958007
41043	3.0409227281958007
41045	3.0409227281958007
41047	3.0409227281958007
41049	3.0409227281958007
41051	3.0409227281958007
41053	3.0409227281958007
41055	3.0409227281958007
41057	3.0409227281958007
41059	3.0409227281958007
41061	3.0409227281958007
41063	3.0409227281958007
41065	3.0409227281958007
41067	3.0409227281958007
41069	3.0409227281958007
41071	3.0409227281958007
42001	2.8687539554598396
42003	2.8687539554598396
42005	2.8687539554598396
42007	2.8687539554598396
42009	2.8687539554598396
42011	2.8687539554598396
42013	2.8687539554598396
42015	2.8687539554598396
42017	2.8687539554598396
42019	2.8687539554598396
42021	2.8687539554598396
42023	2.8687539554598396
42025	2.8687539554598396
42027	2.8687539554598396
42029	2.8687539554598396
42031	2.8687539554598396
42033	2.8687539554598396
42035	2.8687539554598396
42037	2.8687539554598396
42039	2.8687539554598396
42041	2.8687539554598396
42043	2.8687539554598396
42045	2.8687539554598396
42047	2.8687539554598396
42049	2.8687539554598396
42051	2.8687539554598396
42053	2.8687539554598396
42055	2.8687539554598396
42057	2.8687539554598396
42059	2.8687539554598396
42061	2.8687539554598396
42063	2.8687539554598396
42065	2.8687539554598396
42067	2.8687539554598396
42069	2.8687539554598396
42071	2.8687539554598396
42073	2.8687539554598396
42075	2.8687539554598396
42077	2.8687539554598396
42079	2.8687539554598396
42081	2.8687539554598396
42083	2.8687539554598396
42085	2.8687539554598396
42087	2.8687539554598396
42089	2.8687539554598396
42091	2.8687539554598396
42093	2.8687539554598396
42095	2.8687539554598396
42097	2.8687539554598396
42099	2.8687539554598396
42101	2.8687539554598396
42103	2.8687539554598396
42105	2.8687539554598396
42107	2.8687539554598396
42109	2.8687539554598396
42111	2.8687539554598396
42113	2.8687539554598396
42115	2.8687539554598396
42117	2.8687539554598396
42119	2.8687539554598396
42121	2.8687539554598396
42123	2.8687539554598396
42125	2.8687539554598396
42127	2.8687539554598396
42129	2.8687539554598396
42131	2.8687539554598396
42133	2.8687539554598396
44001	7.505460459999221
44003	7.505460459999221
44005	7.505460459999221
44007	7.505460459999221
44009	7.505460459999221
45001	14.589122066933543
45003	14.589122066933543
45005	14.589122066933543
45007	14.589122066933543
45009	14.589122066933543
45011	14.589122066933543
45013	14.589122066933543
45015	14.589122066933543
45017	14.589122066933543
45019	14.589122066933543
45021	14.589122066933543
45023	14.589122066933543
45025	14.589122066933543
45027	14.589122066933543
45029	14.589122066933543
45031	14.589122066933543
45033	14.589122066933543
45035	14.589122066933543
45037	14.589122066933543
45039	14.589122066933543
45041	14.589122066933543
45043	14.589122066933543
45045	14.589122066933543
45047	14.589122066933543
45049	14.589122066933543
45051	14.589122066933543
45053	14.589122066933543
45055	14.589122066933543
45057	14.589122066933543
45059	14.589122066933543
45061	14.589122066933543
45063	14.589122066933543
45065	14.589122066933543
45067	14.589122066933543
45069	14.589122066933543
45071	14.589122066933543
45073	14.589122066933543
45075	14.589122066933543
45077	14.589122066933543
45079	14.589122066933543
45081	14.589122066933543
45083	14.589122066933543
45085	14.589122066933543
45087	14.589122066933543
45089	14.589122066933543
45091	14.589122066933543
46003	28.249281485666558
46005	28.249281485666558
46007	28.249281485666558
46009	28.249281485666558
46011	28.249281485666558
46013	28.249281485666558
46015	28.249281485666558
46017	28.249281485666558
46019	28.249281485666558
46021	28.249281485666558
46023	28.249281485666558
46025	28.249281485666558
46027	28.249281485666558
46029	28.249281485666558
46031	28.249281485666558
46033	28.249281485666558
46035	28.249281485666558
46037	28.249281485666558
46039	28.249281485666558
46041	28.249281485666558
46043	28.249281485666558
46045	28.249281485666558
46047	28.249281485666558
46049	28.249281485666558
46051	28.249281485666558
46053	28.249281485666558
46055	28.249281485666558
46057	28.249281485666558
46059	28.249281485666558
46061	28.249281485666558
46063	28.249281485666558
46065	28.249281485666558
46067	28.249281485666558
46069	28.249281485666558
46071	28.249281485666558
46073	28.249281485666558
46075	28.249281485666558
46077	28.249281485666558
46079	28.249281485666558
46081	28.249281485666558
46083	28.249281485666558
46085	28.249281485666558
46087	28.249281485666558
46089	28.249281485666558
46091	28.249281485666558
46093	28.249281485666558
46095	28.249281485666558
46097	28.249281485666558
46099	28.249281485666558
46101	28.249281485666558
46103	28.249281485666558
46105	28.249281485666558
46107	28.249281485666558
46109	28.249281485666558
46111	28.249281485666558
46113	28.249281485666558
46115	28.249281485666558
46117	28.249281485666558
46119	28.249281485666558
46121	28.249281485666558
46123	28.249281485666558
46125	28.249281485666558
46127	28.249281485666558
46129	28.249281485666558
46135	28.249281485666558
46137	28.249281485666558
47001	12.763734605714843
47003	12.763734605714843
47005	12.763734605714843
47007	12.763734605714843
47009	12.763734605714843
47011	12.763734605714843
47013	12.763734605714843
47015	12.763734605714843
47017	12.763734605714843
47019	12.763734605714843
47021	12.763734605714843
47023	12.763734605714843
47025	12.763734605714843
47027	12.763734605714843
47029	12.763734605714843
47031	12.763734605714843
47033	12.763734605714843
47035	12.763734605714843
47037	12.763734605714843
47039	12.763734605714843
47041	12.763734605714843
47043	12.763734605714843
47045	12.763734605714843
47047	12.763734605714843
47049	12.763734605714843
47051	12.763734605714843
47053	12.763734605714843
47055	12.763734605714843
47057	12.763734605714843
47059	12.763734605714843
47061	12.763734605714843
47063	12.763734605714843
47065	12.763734605714843
47067	12.763734605714843
47069	12.763734605714843
47071	12.763734605714843
47073	12.763734605714843
47075	12.763734605714843
47077	12.763734605714843
47079	12.763734605714843
47081	12.763734605714843
47083	12.763734605714843
47085	12.763734605714843
47087	12.763734605714843
47089	12.763734605714843
47091	12.763734605714843
47093	12.763734605714843
47095	12.763734605714843
47097	12.763734605714843
47099	12.763734605714843
47101	12.763734605714843
47103	12.763734605714843
47105	12.763734605714843
47107	12.763734605714843
47109	12.763734605714843
47111	12.763734605714843
47113	12.763734605714843
47115	12.763734605714843
47117	12.763734605714843
47119	12.763734605714843
47121	12.763734605714843
47123	12.763734605714843
47125	12.763734605714843
47127	12.763734605714843
47129	12.763734605714843
47131	12.763734605714843
47133	12.763734605714843
47135	12.763734605714843
47137	12.763734605714843
47139	12.763734605714843
47141	12.763734605714843
47143	12.763734605714843
47145	12.763734605714843
47147	12.763734605714843
47149	12.763734605714843
47151	12.763734605714843
47153	12.763734605714843
47155	12.763734605714843
47157	12.763734605714843
47159	12.763734605714843
47161	12.763734605714843
47163	12.763734605714843
47165	12.763734605714843
47167	12.763734605714843
47169	12.763734605714843
47171	12.763734605714843
47173	12.763734605714843
47175	12.763734605714843
47177	12.763734605714843
47179	12.763734605714843
47181	12.763734605714843
47183	12.763734605714843
47185	12.763734605714843
47187	12.763734605714843
47189	12.763734605714843
48001	3.337368372890945
48003	3.337368372890945
48005	3.337368372890945
48007	3.337368372890945
48009	3.337368372890945
48011	3.337368372890945
48013	3.337368372890945
48015	3.337368372890945
48017	3.337368372890945
48019	3.337368372890945
48021	3.337368372890945
48023	3.337368372890945
48025	3.337368372890945
48027	3.337368372890945
48029	3.337368372890945
48031	3.337368372890945
48033	3.337368372890945
48035	3.337368372890945
48037	3.337368372890945
48039	3.337368372890945
48041	3.337368372890945
48043	3.337368372890945
48045	3.337368372890945
48047	3.337368372890945
48049	3.337368372890945
48051	3.337368372890945
48053	3.337368372890945
48055	3.337368372890945
48057	3.337368372890945
48059	3.337368372890945
48061	3.337368372890945
48063	3.337368372890945
48065	3.337368372890945
48067	3.337368372890945
48069	3.337368372890945
48071	3.337368372890945
48073	3.337368372890945
48075	3.337368372890945
48077	3.337368372890945
48079	3.337368372890945
48081	3.337368372890945
48083	3.337368372890945
48085	3.337368372890945
48087	3.337368372890945
48089	3.337368372890945
48091	3.337368372890945
48093	3.337368372890945
48095	3.337368372890945
48097	3.337368372890945
48099	3.337368372890945
48101	3.337368372890945
48103	3.337368372890945
48105	3.337368372890945
48107	3.337368372890945
48109	3.337368372890945
48111	3.337368372890945
48113	3.337368372890945
48115	3.337368372890945
48117	3.337368372890945
48119	3.337368372890945
48121	3.337368372890945
48123	3.337368372890945
48125	3.337368372890945
48127	3.337368372890945
48129	3.337368372890945
48131	3.337368372890945
48133	3.337368372890945
48135	3.337368372890945
48137	3.337368372890945
48139	3.337368372890945
48141	3.337368372890945
48143	3.337368372890945
48145	3.337368372890945
48147	3.337368372890945
48149	3.337368372890945
48151	3.337368372890945
48153	3.337368372890945
48155	3.337368372890945
48157	3.337368372890945
48159	3.337368372890945
48161	3.337368372890945
48163	3.337368372890945
48165	3.337368372890945
48167	3.337368372890945
48169	3.337368372890945
48171	3.337368372890945
48173	3.337368372890945
48175	3.337368372890945
48177	3.337368372890945
48179	3.337368372890945
48181	3.337368372890945
48183	3.337368372890945
48185	3.337368372890945
48187	3.337368372890945
48189	3.337368372890945
48191	3.337368372890945
48193	3.337368372890945
48195	3.337368372890945
48197	3.337368372890945
48199	3.337368372890945
48201	3.337368372890945
48203	3.337368372890945
48205	3.337368372890945
48207	3.337368372890945
48209	3.337368372890945
48211	3.337368372890945
48213	3.337368372890945
48215	3.337368372890945
48217	3.337368372890945
48219	3.337368372890945
48221	3.337368372890945
48223	3.337368372890945
48225	3.337368372890945
48227	3.337368372890945
48229	3.337368372890945
48231	3.337368372890945
48233	3.337368372890945
48235	3.337368372890945
48237	3.337368372890945
48239	3.337368372890945
48241	3.337368372890945
48243	3.337368372890945
48245	3.337368372890945
48247	3.337368372890945
48249	3.337368372890945
48251	3.337368372890945
48253	3.337368372890945
48255	3.337368372890945
48257	3.337368372890945
48259	3.337368372890945
48261	3.337368372890945
48263	3.337368372890945
48265	3.337368372890945
48267	3.337368372890945
48269	3.337368372890945
48271	3.337368372890945
48273	3.337368372890945
48275	3.337368372890945
48277	3.337368372890945
48279	3.337368372890945
48281	3.337368372890945
48283	3.337368372890945
48285	3.337368372890945
48287	3.337368372890945
48289	3.337368372890945
48291	3.337368372890945
48293	3.337368372890945
48295	3.337368372890945
48297	3.337368372890945
48299	3.337368372890945
48301	3.337368372890945
48303	3.337368372890945
48305	3.337368372890945
48307	3.337368372890945
48309	3.337368372890945
48311	3.337368372890945
48313	3.337368372890945
48315	3.337368372890945
48317	3.337368372890945
48319	3.337368372890945
48321	3.337368372890945
48323	3.337368372890945
48325	3.337368372890945
48327	3.337368372890945
48329	3.337368372890945
48331	3.337368372890945
48333	3.337368372890945
48335	3.337368372890945
48337	3.337368372890945
48339	3.337368372890945
48341	3.337368372890945
48343	3.337368372890945
48345	3.337368372890945
48347	3.337368372890945
48349	3.337368372890945
48351	3.337368372890945
48353	3.337368372890945
48355	3.337368372890945
48357	3.337368372890945
48359	3.337368372890945
48361	3.337368372890945
48363	3.337368372890945
48365	3.337368372890945
48367	3.337368372890945
48369	3.337368372890945
48371	3.337368372890945
48373	3.337368372890945
48375	3.337368372890945
48377	3.337368372890945
48379	3.337368372890945
48381	3.337368372890945
48383	3.337368372890945
48385	3.337368372890945
48387	3.337368372890945
48389	3.337368372890945
48391	3.337368372890945
48393	3.337368372890945
48395	3.337368372890945
48397	3.337368372890945
48399	3.337368372890945
48401	3.337368372890945
48403	3.337368372890945
48405	3.337368372890945
48407	3.337368372890945
48409	3.337368372890945
48411	3.337368372890945
48413	3.337368372890945
48415	3.337368372890945
48417	3.337368372890945
48419	3.337368372890945
48421	3.337368372890945
48423	3.337368372890945
48425	3.337368372890945
48427	3.337368372890945
48429	3.337368372890945
48431	3.337368372890945
48433	3.337368372890945
48435	3.337368372890945
48437	3.337368372890945
48439	3.337368372890945
48441	3.337368372890945
48443	3.337368372890945
48445	3.337368372890945
48447	3.337368372890945
48449	3.337368372890945
48451	3.337368372890945
48453	3.337368372890945
48455	3.337368372890945
48457	3.337368372890945
48459	3.337368372890945
48461	3.337368372890945
48463	3.337368372890945
48465	3.337368372890945
48467	3.337368372890945
48469	3.337368372890945
48471	3.337368372890945
48473	3.337368372890945
48475	3.337368372890945
48477	3.337368372890945
48479	3.337368372890945
48481	3.337368372890945
48483	3.337368372890945
48485	3.337368372890945
48487	3.337368372890945
48489	3.337368372890945
48491	3.337368372890945
48493	3.337368372890945
48495	3.337368372890945
48497	3.337368372890945
48499	3.337368372890945
48501	3.337368372890945
48503	3.337368372890945
48505	3.337368372890945
48507	3.337368372890945
49001	10.604638036676635
49003	10.604638036676635
49005	10.604638036676635
49007	10.604638036676635
49009	10.604638036676635
49011	10.604638036676635
49013	10.604638036676635
49015	10.604638036676635
49017	10.604638036676635
49019	10.604638036676635
49021	10.604638036676635
49023	10.604638036676635
49025	10.604638036676635
49027	10.604638036676635
49029	10.604638036676635
49031	10.604638036676635
49033	10.604638036676635
49035	10.604638036676635
49037	10.604638036676635
49039	10.604638036676635
49041	10.604638036676635
49043	10.604638036676635
49045	10.604638036676635
49047	10.604638036676635
49049	10.604638036676635
49051	10.604638036676635
49053	10.604638036676635
49055	10.604638036676635
49057	10.604638036676635
50001	11.602244379064182
50003	11.602244379064182
50005	11.602244379064182
50007	11.602244379064182
50009	11.602244379064182
50011	11.602244379064182
50013	11.602244379064182
50015	11.602244379064182
50017	11.602244379064182
50019	11.602244379064182
50021	11.602244379064182
50023	11.602244379064182
50025	11.602244379064182
50027	11.602244379064182
51001	5.06435176297434
51003	5.06435176297434
51005	5.06435176297434
51007	5.06435176297434
51009	5.06435176297434
51011	5.06435176297434
51013	5.06435176297434
51015	5.06435176297434
51017	5.06435176297434
51019	5.06435176297434
51021	5.06435176297434
51023	5.06435176297434
51025	5.06435176297434
51027	5.06435176297434
51029	5.06435176297434
51031	5.06435176297434
51033	5.06435176297434
51035	5.06435176297434
51036	5.06435176297434
51037	5.06435176297434
51041	5.06435176297434
51043	5.06435176297434
51045	5.06435176297434
51047	5.06435176297434
51049	5.06435176297434
51051	5.06435176297434
51053	5.06435176297434
51057	5.06435176297434
51059	5.06435176297434
51061	5.06435176297434
51063	5.06435176297434
51065	5.06435176297434
51067	5.06435176297434
51069	5.06435176297434
51071	5.06435176297434
51073	5.06435176297434
51075	5.06435176297434
51077	5.06435176297434
51079	5.06435176297434
51081	5.06435176297434
51083	5.06435176297434
51085	5.06435176297434
51087	5.06435176297434
51089	5.06435176297434
51091	5.06435176297434
51093	5.06435176297434
51095	5.06435176297434
51097	5.06435176297434
51099	5.06435176297434
51101	5.06435176297434
51103	5.06435176297434
51105	5.06435176297434
51107	5.06435176297434
51109	5.06435176297434
51111	5.06435176297434
51113	5.06435176297434
51115	5.06435176297434
51117	5.06435176297434
51119	5.06435176297434
51121	5.06435176297434
51125	5.06435176297434
51127	5.06435176297434
51131	5.06435176297434
51133	5.06435176297434
51135	5.06435176297434
51137	5.06435176297434
51139	5.06435176297434
51141	5.06435176297434
51143	5.06435176297434
51145	5.06435176297434
51147	5.06435176297434
51149	5.06435176297434
51153	5.06435176297434
51155	5.06435176297434
51157	5.06435176297434
51159	5.06435176297434
51161	5.06435176297434
51163	5.06435176297434
51165	5.06435176297434
51167	5.06435176297434
51169	5.06435176297434
51171	5.06435176297434
51173	5.06435176297434
51175	5.06435176297434
51177	5.06435176297434
51179	5.06435176297434
51181	5.06435176297434
51183	5.06435176297434
51185	5.06435176297434
51187	5.06435176297434
51191	5.06435176297434
51193	5.06435176297434
51195	5.06435176297434
51197	5.06435176297434
51199	5.06435176297434
51510	5.06435176297434
51515	5.06435176297434
51520	5.06435176297434
51530	5.06435176297434
51540	5.06435176297434
51550	5.06435176297434
51570	5.06435176297434
51580	5.06435176297434
51590	5.06435176297434
51595	5.06435176297434
51600	5.06435176297434
51610	5.06435176297434
51620	5.06435176297434
51630	5.06435176297434
51640	5.06435176297434
51650	5.06435176297434
51660	5.06435176297434
51670	5.06435176297434
51678	5.06435176297434
51680	5.06435176297434
51683	5.06435176297434
51685	5.06435176297434
51690	5.06435176297434
51700	5.06435176297434
51710	5.06435176297434
51720	5.06435176297434
51730	5.06435176297434
51735	5.06435176297434
51740	5.06435176297434
51750	5.06435176297434
51760	5.06435176297434
51770	5.06435176297434
51775	5.06435176297434
51790	5.06435176297434
51800	5.06435176297434
51810	5.06435176297434
51820	5.06435176297434
51830	5.06435176297434
51840	5.06435176297434
53001	4.281333741787543
53003	4.281333741787543
53005	4.281333741787543
53007	4.281333741787543
53009	4.281333741787543
53011	4.281333741787543
53013	4.281333741787543
53015	4.281333741787543
53017	4.281333741787543
53019	4.281333741787543
53021	4.281333741787543
53023	4.281333741787543
53025	4.281333741787543
53027	4.281333741787543
53029	4.281333741787543
53031	4.281333741787543
53033	4.281333741787543
53035	4.281333741787543
53037	4.281333741787543
53039	4.281333741787543
53041	4.281333741787543
53043	4.281333741787543
53045	4.281333741787543
53047	4.281333741787543
53049	4.281333741787543
53051	4.281333741787543
53053	4.281333741787543
53055	4.281333741787543
53057	4.281333741787543
53059	4.281333741787543
53061	4.281333741787543
53063	4.281333741787543
53065	4.281333741787543
53067	4.281333741787543
53069	4.281333741787543
53071	4.281333741787543
53073	4.281333741787543
53075	4.281333741787543
53077	4.281333741787543
54001	28.38109567543122
54003	28.38109567543122
54005	28.38109567543122
54007	28.38109567543122
54009	28.38109567543122
54011	28.38109567543122
54013	28.38109567543122
54015	28.38109567543122
54017	28.38109567543122
54019	28.38109567543122
54021	28.38109567543122
54023	28.38109567543122
54025	28.38109567543122
54027	28.38109567543122
54029	28.38109567543122
54031	28.38109567543122
54033	28.38109567543122
54035	28.38109567543122
54037	28.38109567543122
54039	28.38109567543122
54041	28.38109567543122
54043	28.38109567543122
54045	28.38109567543122
54047	28.38109567543122
54049	28.38109567543122
54051	28.38109567543122
54053	28.38109567543122
54055	28.38109567543122
54057	28.38109567543122
54059	28.38109567543122
54061	28.38109567543122
54063	28.38109567543122
54065	28.38109567543122
54067	28.38109567543122
54069	28.38109567543122
54071	28.38109567543122
54073	28.38109567543122
54075	28.38109567543122
54077	28.38109567543122
54079	28.38109567543122
54081	28.38109567543122
54083	28.38109567543122
54085	28.38109567543122
54087	28.38109567543122
54089	28.38109567543122
54091	28.38109567543122
54093	28.38109567543122
54095	28.38109567543122
54097	28.38109567543122
54099	28.38109567543122
54101	28.38109567543122
54103	28.38109567543122
54105	28.38109567543122
54107	28.38109567543122
54109	28.38109567543122
55001	9.91034618337376
55003	9.91034618337376
55005	9.91034618337376
55007	9.91034618337376
55009	9.91034618337376
55011	9.91034618337376
55013	9.91034618337376
55015	9.91034618337376
55017	9.91034618337376
55019	9.91034618337376
55021	9.91034618337376
55023	9.91034618337376
55025	9.91034618337376
55027	9.91034618337376
55029	9.91034618337376
55031	9.91034618337376
55033	9.91034618337376
55035	9.91034618337376
55037	9.91034618337376
55039	9.91034618337376
55041	9.91034618337376
55043	9.91034618337376
55045	9.91034618337376
55047	9.91034618337376
55049	9.91034618337376
55051	9.91034618337376
55053	9.91034618337376
55055	9.91034618337376
55057	9.91034618337376
55059	9.91034618337376
55061	9.91034618337376
55063	9.91034618337376
55065	9.91034618337376
55067	9.91034618337376
55069	9.91034618337376
55071	9.91034618337376
55073	9.91034618337376
55075	9.91034618337376
55077	9.91034618337376
55078	9.91034618337376
55079	9.91034618337376
55081	9.91034618337376
55083	9.91034618337376
55085	9.91034618337376
55087	9.91034618337376
55089	9.91034618337376
55091	9.91034618337376
55093	9.91034618337376
55095	9.91034618337376
55097	9.91034618337376
55099	9.91034618337376
55101	9.91034618337376
55103	9.91034618337376
55105	9.91034618337376
55107	9.91034618337376
55109	9.91034618337376
55111	9.91034618337376
55113	9.91034618337376
55115	9.91034618337376
55117	9.91034618337376
55119	9.91034618337376
55121	9.91034618337376
55123	9.91034618337376
55125	9.91034618337376
55127	9.91034618337376
55129	9.91034618337376
55131	9.91034618337376
55133	9.91034618337376
55135	9.91034618337376
55137	9.91034618337376
55139	9.91034618337376
55141	9.91034618337376
56001	24.71497056558782
56003	24.71497056558782
56005	24.71497056558782
56007	24.71497056558782
56009	24.71497056558782
56011	24.71497056558782
56013	24.71497056558782
56015	24.71497056558782
56017	24.71497056558782
56019	24.71497056558782
56021	24.71497056558782
56023	24.71497056558782
56025	24.71497056558782
56027	24.71497056558782
56029	24.71497056558782
56031	24.71497056558782
56033	24.71497056558782
56035	24.71497056558782
56037	24.71497056558782
56039	24.71497056558782
56041	24.71497056558782
56043	24.71497056558782
56045	24.71497056558782
60010	
60020	
60030	
60040	
60050	
66010	
69085	
69100	
69110	
69120	
72001	
72003	
72005	
72007	
72009	
72011	
72013	
72015	
72017	
72019	
72021	
72023	
72025	
72027	
72029	
72031	
72033	
72035	
72037	
72039	
72041	
72043	
72045	
72047	
72049	
72051	
72053	
72054	
72055	
72057	
72059	
72061	
72063	
72065	
72067	
72069	
72071	
72073	
72075	
72077	
72079	
72081	
72083	
72085	
72087	
72089	
72091	
72093	
72095	
72097	
72099	
72101	
72103	
72105	
72107	
72109	
72111	
72113	
72115	
72117	
72119	
72121	
72123	
72125	
72127	
72129	
72131	
72133	
72135	
72137	
72139	
72141	
72143	
72145	
72147	
72149	
72151	
72153	
74300	
78010	
78020	
78030	
